file_name,넓이
uv_0523_1.png,1153476
uv_0523_10.png,1153476
uv_0523_100.png,746496
uv_0523_101.png,746496
uv_0523_102.png,2490084
uv_0523_103.png,2490084
uv_0523_104.png,2490084
uv_0523_105.png,2490084
uv_0523_106.png,2490084
uv_0523_107.png,2490084
uv_0523_108.png,746496
uv_0523_109.png,746496
uv_0523_11.png,1153476
uv_0523_110.png,746496
uv_0523_111.png,770884
uv_0523_112.png,770884
uv_0523_113.png,770884
uv_0523_114.png,770884
uv_0523_115.png,770884
uv_0523_116.png,770884
uv_0523_117.png,770884
uv_0523_118.png,770884
uv_0523_119.png,746496
uv_0523_12.png,1153476
uv_0523_120.png,746496
uv_0523_121.png,792100
uv_0523_123.png,792100
uv_0523_124.png,792100
uv_0523_125.png,792100
uv_0523_126.png,792100
uv_0523_127.png,792100
uv_0523_128.png,792100
uv_0523_129.png,792100
uv_0523_13.png,1153476
uv_0523_14.png,1153476
uv_0523_15.png,1153476
uv_0523_16.png,1153476
uv_0523_17.png,1153476
uv_0523_18.png,1153476
uv_0523_19.png,1153476
uv_0523_2.png,1153476
uv_0523_20.png,1153476
uv_0523_21.png,746496
uv_0523_22.png,746496
uv_0523_23.png,746496
uv_0523_24.png,746496
uv_0523_25.png,746496
uv_0523_26.png,746496
uv_0523_27.png,746496
uv_0523_28.png,746496
uv_0523_29.png,746496
uv_0523_3.png,1153476
uv_0523_30.png,746496
uv_0523_31.png,746496
uv_0523_32.png,746496
uv_0523_33.png,746496
uv_0523_34.png,746496
uv_0523_35.png,746496
uv_0523_36.png,746496
uv_0523_37.png,746496
uv_0523_38.png,746496
uv_0523_39.png,746496
uv_0523_4.png,1153476
uv_0523_40.png,746496
uv_0523_41.png,746496
uv_0523_42.png,746496
uv_0523_43.png,746496
uv_0523_44.png,746496
uv_0523_45.png,746496
uv_0523_46.png,746496
uv_0523_47.png,746496
uv_0523_48.png,746496
uv_0523_49.png,746496
uv_0523_5.png,1153476
uv_0523_50.png,746496
uv_0523_51.png,746496
uv_0523_52.png,746496
uv_0523_53.png,746496
uv_0523_54.png,746496
uv_0523_55.png,746496
uv_0523_56.png,746496
uv_0523_57.png,746496
uv_0523_58.png,746496
uv_0523_59.png,746496
uv_0523_6.png,1153476
uv_0523_60.png,746496
uv_0523_61.png,746496
uv_0523_62.png,1153476
uv_0523_63.png,1153476
uv_0523_64.png,1153476
uv_0523_65.png,1153476
uv_0523_66.png,1153476
uv_0523_67.png,1153476
uv_0523_68.png,1153476
uv_0523_69.png,1153476
uv_0523_7.png,1153476
uv_0523_70.png,1153476
uv_0523_71.png,1153476
uv_0523_72.png,1153476
uv_0523_73.png,1153476
uv_0523_74.png,1153476
uv_0523_75.png,1153476
uv_0523_76.png,1153476
uv_0523_77.png,1153476
uv_0523_78.png,1153476
uv_0523_79.png,1153476
uv_0523_8.png,1153476
uv_0523_80.png,1153476
uv_0523_81.png,1153476
uv_0523_82.png,746496
uv_0523_83.png,746496
uv_0523_84.png,770884
uv_0523_85.png,770884
uv_0523_86.png,770884
uv_0523_87.png,770884
uv_0523_88.png,770884
uv_0523_89.png,770884
uv_0523_9.png,1153476
uv_0523_90.png,770884
uv_0523_91.png,770884
uv_0523_92.png,770884
uv_0523_93.png,770884
uv_0523_94.png,770884
uv_0523_95.png,770884
uv_0523_96.png,770884
uv_0523_97.png,770884
uv_0523_98.png,746496
uv_0523_99.png,746496
uv_1.png,1153476
uv_10.png,1153476
uv_100.png,746496
uv_101.png,746496
uv_102.png,746496
uv_103.png,746496
uv_104.png,746496
uv_105.png,746496
uv_106.png,746496
uv_107.png,746496
uv_108.png,746496
uv_109.png,746496
uv_11.png,1153476
uv_110.png,746496
uv_111.png,746496
uv_112.png,746496
uv_113.png,746496
uv_114.png,746496
uv_115.png,746496
uv_116.png,746496
uv_117.png,746496
uv_118.png,746496
uv_119.png,746496
uv_12.png,1153476
uv_120.png,746496
uv_121.png,746496
uv_122.png,746496
uv_123.png,746496
uv_124.png,746496
uv_125.png,746496
uv_127.png,746496
uv_128.png,746496
uv_129.png,746496
uv_13.png,1153476
uv_130.png,746496
uv_131.png,746496
uv_132.png,746496
uv_133.png,746496
uv_134.png,746496
uv_135.png,746496
uv_136.png,746496
uv_137.png,746496
uv_138.png,746496
uv_139.png,746496
uv_14.png,1153476
uv_140.png,746496
uv_141.png,746496
uv_142.png,746496
uv_143.png,746496
uv_144.png,746496
uv_145.png,746496
uv_146.png,792100
uv_147.png,792100
uv_148.png,792100
uv_149.png,792100
uv_15.png,1153476
uv_150.png,792100
uv_151.png,792100
uv_152.png,792100
uv_153.png,792100
uv_154.png,792100
uv_155.png,792100
uv_156.png,792100
uv_157.png,792100
uv_158.png,792100
uv_159.png,792100
uv_16.png,1153476
uv_160.png,792100
uv_161.png,792100
uv_162.png,792100
uv_163.png,792100
uv_164.png,792100
uv_165.png,792100
uv_166.png,792100
uv_167.png,792100
uv_168.png,792100
uv_169.png,792100
uv_17.png,1153476
uv_170.png,792100
uv_171.png,792100
uv_172.png,792100
uv_173.png,792100
uv_174.png,792100
uv_175.png,792100
uv_176.png,792100
uv_177.png,792100
uv_18.png,1153476
uv_19.png,1153476
uv_2.png,1153476
uv_20.png,1153476
uv_21.png,1153476
uv_22.png,1153476
uv_23.png,1153476
uv_24.png,1153476
uv_25.png,1153476
uv_26.png,1153476
uv_27.png,1153476
uv_277.png,1153476
uv_278.png,1153476
uv_279.png,1153476
uv_28.png,1153476
uv_280.png,1153476
uv_281.png,1153476
uv_282.png,1153476
uv_283.png,1153476
uv_284.png,1153476
uv_285.png,1153476
uv_286.png,1153476
uv_287.png,1153476
uv_288.png,1153476
uv_289.png,1153476
uv_29.png,1153476
uv_290.png,1153476
uv_291.png,1153476
uv_292.png,1153476
uv_293.png,1153476
uv_294.png,1153476
uv_295.png,1153476
uv_296.png,1153476
uv_297.png,1153476
uv_298.png,1153476
uv_299.png,1153476
uv_3.png,1153476
uv_30.png,1153476
uv_300.png,1153476
uv_301.png,1153476
uv_31.png,1153476
uv_32.png,1153476
uv_33.png,1153476
uv_34.png,1153476
uv_35.png,1153476
uv_36.png,1153476
uv_37.png,1153476
uv_38.png,1153476
uv_39.png,1153476
uv_4.png,1153476
uv_40.png,1153476
uv_41.png,1153476
uv_42.png,1153476
uv_43.png,1153476
uv_44.png,1153476
uv_45.png,1153476
uv_46.png,1153476
uv_47.png,1153476
uv_48.png,1153476
uv_49.png,1153476
uv_5.png,1153476
uv_50.png,1153476
uv_51.png,1153476
uv_52.png,1153476
uv_53.png,1153476
uv_54.png,1153476
uv_55.png,1153476
uv_56.png,1153476
uv_57.png,1153476
uv_58.png,1153476
uv_59.png,1153476
uv_6.png,1153476
uv_60.png,1153476
uv_61.png,1153476
uv_62.png,1153476
uv_63.png,1153476
uv_64.png,1153476
uv_65.png,1153476
uv_66.png,1153476
uv_67.png,1153476
uv_68.png,1153476
uv_69.png,1153476
uv_7.png,1153476
uv_70.png,1153476
uv_71.png,1153476
uv_72.png,1153476
uv_73.png,1153476
uv_74.png,1153476
uv_75.png,1153476
uv_76.png,1153476
uv_77.png,1153476
uv_78.png,1153476
uv_79.png,1153476
uv_8.png,1153476
uv_80.png,1153476
uv_81.png,1153476
uv_82.png,1153476
uv_83.png,1153476
uv_84.png,1153476
uv_85.png,1153476
uv_86.png,1153476
uv_87.png,1153476
uv_88.png,1153476
uv_89.png,1153476
uv_9.png,1153476
uv_90.png,1153476
uv_91.png,1153476
uv_92.png,1153476
uv_93.png,1153476
uv_94.png,1153476
uv_95.png,1153476
uv_96.png,746496
uv_97.png,746496
uv_98.png,746496
uv_99.png,746496
